[{"id":1,"project_name":"Sistema de verificación","hard_skills":["python","java","c++","c","javascript","html","css","sql","php","c#","ruby","swift"],"soft_skills":["trabajo en equipo","liderazgo","comunicación","adaptabilidad"],"roles":["desarrollador","diseñador","tester","analista","arquitecto","scrum master","product owner"]},{"id":2,"project_name":"Sistema de gestión de proyectos","hard_skills":["objeto","java","c++","c","javascript","html","css","sql","php","c#","ruby","swift"],"soft_skills":["Sinceridad","liderazgo","comunicación","adaptabilidad"],"roles":["qa","diseñador","tester","analista","arquitecto","scrum master","product owner"]},{"id":3,"project_name":"Aplicacion de gestion de proyectos","hard_skills":["objeto","java","c++","c","javascript","html","css","sql","php","c#","ruby","swift"],"soft_skills":["Sinceridad","liderazgo","comunicación","adaptabilidad"],"roles":["qa","diseñador","tester","analista","arquitecto","scrum master","product owner"]},{"id":4,"project_name":"Web app de control de obra","hard_skills":["objeto","java","c++","c","javascript","html","css","sql","php","c#","ruby","swift"],"soft_skills":["Sinceridad","liderazgo","comunicación","adaptabilidad"],"roles":["qa","diseñador","tester","analista","arquitecto","scrum master","product owner"]},{"id":5,"project_name":"Monitoreo de redes","hard_skills":["objeto","java","c++","c","javascript","html","css","sql","php","c#","ruby","swift"],"soft_skills":["Sinceridad","liderazgo","comunicación","adaptabilidad"],"roles":["qa","diseñador","tester","analista","arquitecto","scrum master","product owner"]},{"id":6,"project_name":"Vigilancia de redes","hard_skills":["objeto","java","c++","c","javascript","html","css","sql","php","c#","ruby","swift"],"soft_skills":["Sinceridad","liderazgo","comunicación","adaptabilidad"],"roles":["qa","diseñador","tester","analista","arquitecto","scrum master","product owner"]},{"id":788,"project_name":"New Project","hard_skills":["objeto","java","c++","c","javascript","html","css","sql","php","c#","ruby","swift"],"soft_skills":["Sinceridad","liderazgo","comunicación","adaptabilidad"],"roles":["qa","diseñador","tester","analista","arquitecto","scrum master","product owner"]},{"id":591,"project_name":"New Project","hard_skills":["objeto","java","c++","c","javascript","html","css","sql","php","c#","ruby","swift"],"soft_skills":["Sinceridad","liderazgo","comunicación","adaptabilidad"],"roles":["qa","diseñador","tester","analista","arquitecto","scrum master","product owner"]}]